Workbook

Sheet Raw
A1: record_id | B1: month | C1: route_id | D1: hub | E1: promised_days | F1: actual_days
A2: 1 | B2: Jan | C2: R1 | D2: Mumbai | E2: 2 | F2: 2
A3: 2 | B3: Jan | C3: R2 | D3: Chennai | E3: 3 | F3: 4
A4: 3 | B4: Jan | C4: R3 | D4: Delhi | E4: 5 | F4: 8
A5: 4 | B5: Jan | C5: R4 | D5: Mumbai | E5: 6 | F5: 10
A6: 5 | B6: Feb | C6: R1 | D6: Chennai | E6: 2 | F6: 5
A7: 6 | B7: Feb | C7: R2 | D7: Delhi | E7: 3 | F7: 3
A8: 7 | B8: Feb | C8: R3 | D8: Delhi | E8: 5 | F8: 10
A9: 8 | B9: Feb | C9: R4 | D9: Chennai | E9: 6 | F9: 7
A10: 9 | B10: Mar | C10: R1 | D10: Delhi | E10: 2 | F10: 8
A11: 10 | B11: Mar | C11: R2 | D11: Mumbai | E11: 3 | F11: 5
A12: 11 | B12: Mar | C12: R3 | D12: Chennai | E12: 5 | F12: 5
A13: 12 | B13: Mar | C13: R4 | D13: Mumbai | E13: 6 | F13: 15
A14: 12 | B14: Mar | C14: R4 | D14: Mumbai | E14: 6 | F14: 15
C18: Before row count: 13

Sheet Lookup
A1: route_id | B1: route | C1: service_type
A2: R1 | B2: Metro Link | C2: Express
A3: R2 | B3: City Dash | C3: Express
A4: R3 | B4: Highway Freight | C4: Standard
A5: R4 | B5: Rural Feeder | C5: Standard

Sheet Clean
A1: record_id | B1: month | C1: route_id | D1: hub | E1: promised_days | F1: actual_days | G1: service_type | H1: delay_days
A2: 1 | B2: Jan | C2: R1 | D2: Mumbai | E2: 2 | F2: 2 | G2: =_xlfn.XLOOKUP(C2,Lookup!$A$2:$A$5,Lookup!$C$2:$C$5) -> Express | H2: =MAX(F2-E2,0) -> 0
A3: 2 | B3: Jan | C3: R2 | D3: Chennai | E3: 3 | F3: 4 | G3: =_xlfn.XLOOKUP(C3,Lookup!$A$2:$A$5,Lookup!$C$2:$C$5) -> Express | H3: =MAX(F3-E3,0) -> 1
A4: 3 | B4: Jan | C4: R3 | D4: Delhi | E4: 5 | F4: 8 | G4: =_xlfn.XLOOKUP(C4,Lookup!$A$2:$A$5,Lookup!$C$2:$C$5) -> Standard | H4: =MAX(F4-E4,0) -> 3
A5: 4 | B5: Jan | C5: R4 | D5: Mumbai | E5: 6 | F5: 10 | G5: =_xlfn.XLOOKUP(C5,Lookup!$A$2:$A$5,Lookup!$C$2:$C$5) -> Standard | H5: =MAX(F5-E5,0) -> 4
A6: 5 | B6: Feb | C6: R1 | D6: Chennai | E6: 2 | F6: 5 | G6: =_xlfn.XLOOKUP(C6,Lookup!$A$2:$A$5,Lookup!$C$2:$C$5) -> Express | H6: =MAX(F6-E6,0) -> 3
A7: 6 | B7: Feb | C7: R2 | D7: Delhi | E7: 3 | F7: 3 | G7: =_xlfn.XLOOKUP(C7,Lookup!$A$2:$A$5,Lookup!$C$2:$C$5) -> Express | H7: =MAX(F7-E7,0) -> 0
A8: 7 | B8: Feb | C8: R3 | D8: Delhi | E8: 5 | F8: 10 | G8: =_xlfn.XLOOKUP(C8,Lookup!$A$2:$A$5,Lookup!$C$2:$C$5) -> Standard | H8: =MAX(F8-E8,0) -> 5
A9: 8 | B9: Feb | C9: R4 | D9: Chennai | E9: 6 | F9: 7 | G9: =_xlfn.XLOOKUP(C9,Lookup!$A$2:$A$5,Lookup!$C$2:$C$5) -> Standard | H9: =MAX(F9-E9,0) -> 1
A10: 9 | B10: Mar | C10: R1 | D10: Delhi | E10: 2 | F10: 8 | G10: =_xlfn.XLOOKUP(C10,Lookup!$A$2:$A$5,Lookup!$C$2:$C$5) -> Express | H10: =MAX(F10-E10,0) -> 6
A11: 10 | B11: Mar | C11: R2 | D11: Mumbai | E11: 3 | F11: 5 | G11: =_xlfn.XLOOKUP(C11,Lookup!$A$2:$A$5,Lookup!$C$2:$C$5) -> Express | H11: =MAX(F11-E11,0) -> 2
A12: 11 | B12: Mar | C12: R3 | D12: Chennai | E12: 5 | F12: 5 | G12: =_xlfn.XLOOKUP(C12,Lookup!$A$2:$A$5,Lookup!$C$2:$C$5) -> Standard | H12: =MAX(F12-E12,0) -> 0
A13: 12 | B13: Mar | C13: R4 | D13: Mumbai | E13: 6 | F13: 15 | G13: =_xlfn.XLOOKUP(C13,Lookup!$A$2:$A$5,Lookup!$C$2:$C$5) -> Standard | H13: =MAX(F13-E13,0) -> 9
C17: Before row count: 13
C18: After Removing Duplicates: 12

Sheet Summary
A1: Hub | B1: Total Delay Days
A2: Chennai | B2: =SUMIFS(Clean!$H$2:$H$13,Clean!$D$2:$D$13,A2) -> 5
A3: Delhi | B3: =SUMIFS(Clean!$H$2:$H$13,Clean!$D$2:$D$13,A3) -> 14
A4: Mumbai | B4: =SUMIFS(Clean!$H$2:$H$13,Clean!$D$2:$D$13,A4) -> 15
A9: Sum of delay_days | B9: Column Labels
A10: Row Labels | B10: Jan | C10: Feb | D10: Mar | E10: Grand Total
A11: Express | B11: 1 | C11: 3 | D11: 8 | E11: 12
A12: Standard | B12: 7 | C12: 6 | D12: 9 | E12: 22
A13: Grand Total | B13: 8 | C13: 9 | D13: 17 | E13: 34
